;Floor
CreateMeshBuilder
AddVertex,-1.19, 1.162, -9.9
AddVertex,1.19, 1.162, -9.9
AddVertex,-1.19, 1.162, -10.07
AddVertex,1.19, 1.162, -10.07
AddVertex,-1.13, 1.162, -10.99
AddVertex,1.13, 1.162, -10.99
AddVertex,-1.07, 1.162, -11.41
AddVertex,1.07, 1.162, -11.41

AddFace,0,1,3,2
AddFace,2,3,5,4
AddFace,4,5,7,6
SetColor,60,55,50
SetEmissiveColor,100,95,90
Rotate,0,1,0,180

LoadTexture,..\ext_view\centro\class323_interior_Floor.png
SetTextureCoordinates,0, 8.75, 0
SetTextureCoordinates,1, 8.75, 1
SetTextureCoordinates,2, 9, 0
SetTextureCoordinates,3, 9, 1
SetTextureCoordinates,4, 9.75, 0.02
SetTextureCoordinates,5, 9.75, 0.98
SetTextureCoordinates,6, 10.2, 0.04
SetTextureCoordinates,7, 10.2, 0.96


;End - Cab
CreateMeshBuilder
AddVertex,-1.188, 1.1, -10.01
AddVertex,-1.343, 1.45, -10.01
AddVertex,-1.369, 1.95, -10.01
AddVertex,-1.268, 3.37, -10.01
AddVertex,-0.898, 3.62, -10.01
AddVertex,-0.498, 3.69, -10.01
AddVertex,0.498, 3.69, -10.01
AddVertex,0.898, 3.62, -10.01
AddVertex,1.268, 3.37, -10.01
AddVertex,1.369, 1.95, -10.01
AddVertex,1.343, 1.45, -10.01
AddVertex,1.188, 1.1, -10.01
AddFace,0,1,2,3,4,5,6,7,8,9,10,11
SetColor,25,23,15
SetEmissiveColor,25,23,15
Translate,0,0,0.08
Rotate,0,1,0,180

;Cab doors
CreateMeshBuilder
AddVertex,-1.23, 3.37, 0.459
AddVertex,-1.174, 3.37, -0.459
AddVertex,-1.338, 1.85, 0.459
AddVertex,-1.282, 1.85, -0.459
AddVertex,-1.34, 1.75, 0.459
AddVertex,-1.284, 1.75, -0.459
AddVertex,-1.337, 1.65, 0.459
AddVertex,-1.281, 1.65, -0.459
AddVertex,-1.325, 1.55, 0.459
AddVertex,-1.269, 1.55, -0.459
AddVertex,-1.305, 1.45, 0.459
AddVertex,-1.249, 1.45, -0.459
AddVertex,-1.25, 1.3, 0.459
AddVertex,-1.194, 1.3, -0.459
AddVertex,-1.15, 1.1, 0.459
AddVertex,-1.094, 1.1, -0.459
AddFace,2,3,1,0
AddFace,4,5,3,2
AddFace,6,7,5,4
AddFace,8,9,7,6
AddFace,10,11,9,8
AddFace,12,13,11,10
AddFace,14,15,13,12
SetEmissiveColor,225,220,200
Translate,0,0,-10.42
Rotate,0,1,0,180

LoadTexture,..\ext_view\centro\class323_door_interior_1.png
SetTextureCoordinates,0, 0.985, 0.006
SetTextureCoordinates,1, 0.009, 0.006
SetTextureCoordinates,2, 0.985, 0.688
SetTextureCoordinates,3, 0.009, 0.688
SetTextureCoordinates,4, 0.985, 0.74
SetTextureCoordinates,5, 0.009, 0.74
SetTextureCoordinates,6, 0.985, 0.775
SetTextureCoordinates,7, 0.009, 0.775
SetTextureCoordinates,8, 0.985, 0.82
SetTextureCoordinates,9, 0.009, 0.82
SetTextureCoordinates,10, 0.985, 0.86
SetTextureCoordinates,11, 0.009, 0.86
SetTextureCoordinates,12, 0.985, 0.93
SetTextureCoordinates,13, 0.009, 0.93
SetTextureCoordinates,14, 0.985, 1.0
SetTextureCoordinates,15, 0.009, 1.0
SetDecalTransparentColor,0,0,0

CreateMeshBuilder
AddVertex,1.23, 3.37, 0.459
AddVertex,1.174, 3.37, -0.459
AddVertex,1.338, 1.85, 0.459
AddVertex,1.282, 1.85, -0.459
AddVertex,1.34, 1.75, 0.459
AddVertex,1.284, 1.75, -0.459
AddVertex,1.337, 1.65, 0.459
AddVertex,1.281, 1.65, -0.459
AddVertex,1.325, 1.55, 0.459
AddVertex,1.269, 1.55, -0.459
AddVertex,1.305, 1.45, 0.459
AddVertex,1.249, 1.45, -0.459
AddVertex,1.25, 1.3, 0.459
AddVertex,1.194, 1.3, -0.459
AddVertex,1.15, 1.1, 0.459
AddVertex,1.094, 1.1, -0.459
AddFace,0,1,3,2
AddFace,2,3,5,4
AddFace,4,5,7,6
AddFace,6,7,9,8
AddFace,8,9,11,10
AddFace,10,11,13,12
AddFace,12,13,15,14
SetEmissiveColor,225,220,200
Translate,0,0,-10.42
Rotate,0,1,0,180

LoadTexture,..\ext_view\centro\class323_door_interior_1.png
SetTextureCoordinates,0, 0.985, 0.006
SetTextureCoordinates,1, 0.009, 0.006
SetTextureCoordinates,2, 0.985, 0.688
SetTextureCoordinates,3, 0.009, 0.688
SetTextureCoordinates,4, 0.985, 0.74
SetTextureCoordinates,5, 0.009, 0.74
SetTextureCoordinates,6, 0.985, 0.775
SetTextureCoordinates,7, 0.009, 0.775
SetTextureCoordinates,8, 0.985, 0.82
SetTextureCoordinates,9, 0.009, 0.82
SetTextureCoordinates,10, 0.985, 0.86
SetTextureCoordinates,11, 0.009, 0.86
SetTextureCoordinates,12, 0.985, 0.93
SetTextureCoordinates,13, 0.009, 0.93
SetTextureCoordinates,14, 0.985, 1.0
SetTextureCoordinates,15, 0.009, 1.0
SetDecalTransparentColor,0,0,0









;desk Left
CreateMeshBuilder
AddVertex,-0.984, 2.363, 11.485
AddVertex,-0.664, 2.363, 11.495
AddVertex,-0.984, 2.375, 11.415
AddVertex,-0.664, 2.375, 11.43
AddVertex,-0.984, 2.375, 11.375
AddVertex,-0.664, 2.375, 11.39
AddVertex,-0.984, 2.355, 11.375
AddVertex,-0.664, 2.355, 11.39
AddVertex,-0.984, 2.345, 11.405
AddVertex,-0.664, 2.345, 11.42
AddVertex,-0.984, 2.08, 11.285
AddVertex,-0.664, 2.08, 11.29

AddVertex,-0.08, 2.363, 11.495
AddVertex,-0.08, 2.375, 11.43
AddVertex,-0.08, 2.375, 11.39
AddVertex,-0.08, 2.355, 11.39
AddVertex,-0.08, 2.345, 11.42
AddVertex,-0.08, 2.08, 11.29
AddFace,0,1,3,2
AddFace,2,3,5,4
AddFace,4,5,7,6
AddFace,6,7,9,8
AddFace,8,9,11,10

AddFace,1,12,13,3
AddFace,3,13,14,5
AddFace,5,14,15,7
AddFace,7,15,16,9
AddFace,9,16,17,11

LoadTexture,class323_desk_1.png
SetTextureCoordinates,0, 0, 0
SetTextureCoordinates,1, 0.36, 0
SetTextureCoordinates,2, 0, 0.06
SetTextureCoordinates,3, 0.36, 0.06
SetTextureCoordinates,4, 0, 0.08
SetTextureCoordinates,5, 0.36, 0.08
SetTextureCoordinates,6, 0, 0.13
SetTextureCoordinates,7, 0.36, 0.13
SetTextureCoordinates,8, 0.02, 0.17
SetTextureCoordinates,9, 0.36, 0.17
SetTextureCoordinates,10, 0, 0.99
SetTextureCoordinates,11, 0.36, 0.99
SetTextureCoordinates,12, 1, 0
SetTextureCoordinates,13, 1, 0.06
SetTextureCoordinates,14, 1, 0.08
SetTextureCoordinates,15, 1, 0.13
SetTextureCoordinates,16, 1, 0.17
SetTextureCoordinates,17, 1, 0.99
SetEmissiveColor,60,60,60

CreateMeshBuilder
AddVertex,-1.20, 2.08, 11.30
AddVertex,-0.732, 2.08, 11.30
AddVertex,-0.727, 2.082, 11.30
AddVertex,-0.670, 2.12, 11.310
AddVertex,-0.670, 2.082, 11.238
AddVertex,-0.675, 2.08, 11.233
AddVertex,-0.70, 2.08, 11.233
AddVertex,-0.706, 2.08, 11.231
AddVertex,-0.875, 2.08, 11.108
AddVertex,-0.88, 2.08, 11.095
AddVertex,-0.905, 2.08, 10.893
AddVertex,-0.91, 2.08, 10.888
AddVertex,-1.20, 2.08, 10.888
AddVertex,-1.20, 2.08, 11.29
;-
AddVertex,-0.10, 2.08, 11.30
AddVertex,-0.355, 2.08, 11.30
AddVertex,-0.360, 2.082, 11.30
AddVertex,-0.417, 2.12, 11.310
AddVertex,-0.417, 2.082, 11.238
AddVertex,-0.412, 2.08, 11.233
AddVertex,-0.10, 2.08, 11.233
AddFace,0,1,5,6
AddFace,1,2,4,5
AddFace,2,3,4
AddFace,0,6,7,13
AddFace,0,7,8
AddFace,0,8,9,13
AddFace,0,9,10,11,12
;-
AddFace,15,14,20,19
AddFace,16,15,19,18
AddFace,17,16,18

LoadTexture,class323_desk_3.png
SetTextureCoordinates,0, 0, 0
SetTextureCoordinates,1, 0.82, 0
SetTextureCoordinates,2, 0.83, 0
SetTextureCoordinates,3, 1, -0.05
SetTextureCoordinates,4, 1, 0.15
SetTextureCoordinates,5, 1, 0.16
SetTextureCoordinates,6, 0.9, 0.16
SetTextureCoordinates,7, 0.89, 0.17
SetTextureCoordinates,8, 0.55, 0.65
SetTextureCoordinates,9, 0.54, 0.64
SetTextureCoordinates,10, 0.54, 0.99
SetTextureCoordinates,11, 0.53, 1
SetTextureCoordinates,12, 0, 1
SetTextureCoordinates,13, 0, 0
;-
SetTextureCoordinates,14, 0, 0
SetTextureCoordinates,15, 0.82, 0
SetTextureCoordinates,16, 0.83, 0
SetTextureCoordinates,17, 1, -0.05
SetTextureCoordinates,18, 1, 0.15
SetTextureCoordinates,19, 1, 0.36
SetTextureCoordinates,20, 0, 0.36
SetEmissiveColor,60,60,60

CreateMeshBuilder
AddVertex,-0.670, 2.120, 11.310
AddVertex,-0.670, 2.082, 11.238
AddVertex,-0.675, 2.08, 11.233
AddVertex,-0.70, 2.08, 11.233
AddVertex,-0.706, 2.08, 11.231
AddVertex,-0.875, 2.08, 11.108
AddVertex,-0.88, 2.08, 11.095
AddVertex,-0.905, 2.08, 10.893
AddVertex,-0.91, 2.08, 10.888
AddVertex,-1.20, 2.08, 10.888

AddVertex,-0.665, 2.115, 11.310
AddVertex,-0.665, 2.077, 11.235
AddVertex,-0.672, 2.075, 11.228
AddVertex,-0.70, 2.075, 11.228
AddVertex,-0.706, 2.075, 11.226
AddVertex,-0.87, 2.075, 11.105
AddVertex,-0.875, 2.075, 11.095
AddVertex,-0.90, 2.075, 10.893
AddVertex,-0.91, 2.075, 10.883
AddVertex,-1.20, 2.075, 10.883

AddVertex,-0.650, 1.98, 11.315
AddVertex,-0.650, 1.98, 11.248
AddVertex,-0.657, 1.98, 11.238
AddVertex,-0.70, 1.98, 11.238
AddVertex,-0.706, 1.98, 11.236
AddVertex,-0.87, 2.005, 11.1015
AddVertex,-0.875, 2.005, 11.095
AddVertex,-0.90, 2.025, 10.893
AddVertex,-0.91, 2.025, 10.883
AddVertex,-1.20, 2.025, 10.883

;-

AddVertex,-0.417, 2.120, 11.310
AddVertex,-0.417, 2.082, 11.238
AddVertex,-0.412, 2.08, 11.233
AddVertex,-0.1, 2.08, 11.233

AddVertex,-0.422, 2.115, 11.310
AddVertex,-0.422, 2.077, 11.235
AddVertex,-0.415, 2.075, 11.228
AddVertex,-0.1, 2.075, 11.228

AddVertex,-0.442, 1.98, 11.315
AddVertex,-0.442, 1.98, 11.245
AddVertex,-0.432, 1.98, 11.238
AddVertex,-0.1, 1.98, 11.238

AddFace,1,0,10,11
AddFace,2,1,11,12
AddFace,3,2,12,13
AddFace,4,3,13,14
AddFace,5,4,14,15
AddFace,6,5,15,16
AddFace,7,6,16,17
AddFace,8,7,17,18
AddFace,9,8,18,19

AddFace,11,10,20,21
AddFace,12,11,21,22
AddFace,13,12,22,23
AddFace,14,13,23,24
AddFace,15,14,24,25
AddFace,16,15,25,26
AddFace,17,16,26,27
AddFace,18,17,27,28
AddFace,19,18,28,29

;-

AddFace,30,31,35,34
AddFace,31,32,36,35
AddFace,32,33,37,36
AddFace,34,35,39,38
AddFace,35,36,40,39
AddFace,36,37,41,40

LoadTexture,class323_desk_2.png
SetTextureCoordinates,0, 5.5, 0.38
SetTextureCoordinates,1, 5.05, 0.38
SetTextureCoordinates,2, 5, 0.38
SetTextureCoordinates,3, 4.55, 0.38
SetTextureCoordinates,4, 4.5, 0.38
SetTextureCoordinates,5, 3.05, 0.38
SetTextureCoordinates,6, 3, 0.38
SetTextureCoordinates,7, 2.1, 0.38
SetTextureCoordinates,8, 2, 0.38
SetTextureCoordinates,9, 0, 0.38

SetTextureCoordinates,10, 5.5, 0.57
SetTextureCoordinates,11, 5.05, 0.57
SetTextureCoordinates,12, 5, 0.57
SetTextureCoordinates,13, 4.55, 0.57
SetTextureCoordinates,14, 4.5, 0.57
SetTextureCoordinates,15, 3.05, 0.57
SetTextureCoordinates,16, 3, 0.57
SetTextureCoordinates,17, 2.1, 0.57
SetTextureCoordinates,18, 2, 0.57
SetTextureCoordinates,19, 0, 0.57

SetTextureCoordinates,20, 5.5, 0.99
SetTextureCoordinates,21, 5.05, 0.99
SetTextureCoordinates,22, 5, 0.99
SetTextureCoordinates,23, 4.55, 0.99
SetTextureCoordinates,24, 4.5, 0.99
SetTextureCoordinates,25, 3.05, 0.99
SetTextureCoordinates,26, 3, 0.99
SetTextureCoordinates,27, 2.1, 0.99
SetTextureCoordinates,28, 2, 0.99
SetTextureCoordinates,29, 0, 0.99

;-

SetTextureCoordinates,30, 0, 0.38
SetTextureCoordinates,31, 1, 0.38
SetTextureCoordinates,32, 2, 0.38
SetTextureCoordinates,33, 3, 0.38

SetTextureCoordinates,34, 0, 0.57
SetTextureCoordinates,35, 1, 0.57
SetTextureCoordinates,36, 2, 0.57
SetTextureCoordinates,37, 3, 0.57

SetTextureCoordinates,38, 0, 0.99
SetTextureCoordinates,39, 1, 0.99
SetTextureCoordinates,40, 2, 0.99
SetTextureCoordinates,41, 3, 0.99
SetEmissiveColor,60,60,60

CreateMeshBuilder
AddVertex,-1.15, 2.082, 11.16
AddVertex,-0.915, 2.082, 11.16
AddVertex,-0.915, 2.082, 10.91
AddVertex,-1.15, 2.082, 10.91
AddFace,0,1,2,3

LoadTexture,class323_handle_Base_1.png
SetTextureCoordinates,0, 0, 0
SetTextureCoordinates,1, 1, 0
SetTextureCoordinates,2, 1, 1
SetTextureCoordinates,3, 0, 1
SetEmissiveColor,60,60,60

;desk Centre
CreateMeshBuilder
AddVertex,-0.08, 2.375, 11.43
AddVertex,-0.085, 2.37, 11.43
AddVertex,-0.17, 1.98, 11.43

AddVertex,-0.08, 2.375, 11.39
AddVertex,-0.085, 2.37, 11.39
AddVertex,-0.17, 1.98, 11.39

AddVertex,-0.005, 2.35, 10.89
AddVertex,-0.01, 2.345, 10.885
AddVertex,-0.095, 1.98, 10.885

AddVertex,-0.00, 2.35, 10.885
AddVertex,-0.005, 2.345, 10.88
AddVertex,-0.09, 1.98, 10.88

AddVertex,0.10, 2.35, 10.885
AddVertex,0.105, 2.345, 10.88
AddVertex,0.19, 1.98, 10.88

AddVertex,0.105, 2.35, 10.89
AddVertex,0.11, 2.345, 10.885
AddVertex,0.195, 1.98, 10.885

AddVertex,0.18, 2.375, 11.39
AddVertex,0.185, 2.37, 11.39
AddVertex,0.27, 1.98, 11.39

AddVertex,0.18, 2.375, 11.43
AddVertex,0.185, 2.37, 11.43
AddVertex,0.27, 1.98, 11.43

AddFace,0,3,4,1
AddFace,1,4,5,2
AddFace,3,6,7,4
AddFace,4,7,8,5
AddFace,6,9,10,7
AddFace,7,10,11,8
AddFace,9,12,13,10
AddFace,10,13,14,11
AddFace,12,15,16,13
AddFace,13,16,17,14
AddFace,15,18,19,16
AddFace,16,19,20,17
AddFace,18,21,22,19
AddFace,19,22,23,20

LoadTexture,class323_desk_4.png
SetTextureCoordinates,0, -0.1, 0
SetTextureCoordinates,1, -0.1, 0.05
SetTextureCoordinates,2, -0.1, 0.993
SetTextureCoordinates,3, -0.049, 0
SetTextureCoordinates,4, -0.049, 0.05
SetTextureCoordinates,5, -0.049, 0.993
SetTextureCoordinates,6, 0.485, 0
SetTextureCoordinates,7, 0.485, 0.105
SetTextureCoordinates,8, 0.485, 0.993
SetTextureCoordinates,9, 0.5, 0
SetTextureCoordinates,10, 0.5, 0.105
SetTextureCoordinates,11, 0.5, 0.993
SetTextureCoordinates,12, 0.73, 0
SetTextureCoordinates,13, 0.73, 0.105
SetTextureCoordinates,14, 0.73, 0.993
SetTextureCoordinates,15, 0.78, 0
SetTextureCoordinates,16, 0.78, 0.105
SetTextureCoordinates,17, 0.78, 0.993
SetTextureCoordinates,18, 1, 0
SetTextureCoordinates,19, 1, 0.105
SetTextureCoordinates,20, 1, 0.993
SetTextureCoordinates,21, 0.9, 0
SetTextureCoordinates,22, 0.9, 0.105
SetTextureCoordinates,23, 0.9, 0.993
SetDecalTransparentColor,159,159,159
SetEmissiveColor,60,60,60

CreateMeshBuilder
AddVertex,-0.106, 2.125, 11.172
AddVertex,-0.093, 2.125, 11.10
AddVertex,-0.091, 2.025, 11.172
AddVertex,-0.078, 2.025, 11.10
AddVertex,-0.131, 2.007, 11.172
AddVertex,-0.120, 2.007, 11.10

AddFace,0,1,3,2
AddFace,2,3,5,4
AddFace,0,2,4
AddFace,1,5,3

LoadTexture,class323_desk_4a.png
SetTextureCoordinates,0, 0.15, 0.1
SetTextureCoordinates,1, 0.85, 0.1
SetTextureCoordinates,2, 0.15, 0.9
SetTextureCoordinates,3, 0.85, 0.9
SetTextureCoordinates,4, 0.0, 1.0
SetTextureCoordinates,5, 0.0, 1.0
SetDecalTransparentColor,0,0,255
SetEmissiveColor,60,60,60

CreateMeshBuilder
AddVertex,-0.08, 2.363, 11.494
AddVertex,0.18, 2.363, 11.494
AddVertex,-0.08, 2.375, 11.43
AddVertex,0.18, 2.375, 11.43
AddVertex,-0.08, 2.375, 11.39
AddVertex,0.18, 2.375, 11.39
AddVertex,-0.005, 2.35, 10.89
AddVertex,0.105, 2.35, 10.89
AddVertex,-0.00, 2.35, 10.885
AddVertex,0.10, 2.35, 10.885
AddFace,0,1,3,2
AddFace,2,3,5,4
AddFace,4,5,7,6
AddFace,6,7,9,8

LoadTexture,class323_desk_4.png
SetTextureCoordinates,0, 0.75, 0
SetTextureCoordinates,1, 0.9, 0
SetTextureCoordinates,2, 0.75, 0.1
SetTextureCoordinates,3, 0.9, 0.1
SetTextureCoordinates,4, 0.75, 0.2
SetTextureCoordinates,5, 0.9, 0.2
SetTextureCoordinates,6, 0.75, 0.9
SetTextureCoordinates,7, 0.9, 0.9
SetTextureCoordinates,8, 0.75, 0.92
SetTextureCoordinates,9, 0.9, 0.92
SetEmissiveColor,60,60,60

CreateMeshBuilder
AddVertex,-1.0, 1.0, 10.883
AddVertex,-1.20, 1.4, 10.883
AddVertex,-1.20, 2.025, 10.883
AddVertex,-0.91, 1.0, 10.883
AddVertex,-0.91, 2.025, 10.883
AddVertex,-0.90, 1.0, 10.893
AddVertex,-0.90, 2.025, 10.893
AddVertex,-0.875, 1.0, 11.095
AddVertex,-0.875, 2.005, 11.095
AddVertex,-0.87, 1.0, 11.1015
AddVertex,-0.87, 2.005, 11.1015
AddVertex,-0.706, 1.0, 11.236
AddVertex,-0.706, 1.98, 11.236
AddVertex,-0.70, 1.0, 11.238
AddVertex,-0.70, 1.98, 11.238
AddVertex,-0.145, 1.0, 11.238
AddVertex,-0.145, 1.98, 11.238
AddVertex,-0.14, 1.0, 11.233
AddVertex,-0.14, 1.98, 11.233
AddVertex,-0.095, 1.0, 10.886
AddVertex,-0.095, 1.98, 10.888
AddVertex,-0.09, 1.0, 10.881
AddVertex,-0.09, 1.98, 10.883
AddVertex,0.19, 1.0, 10.881
AddVertex,0.19, 1.98, 10.883
AddVertex,1.0, 1.0, 10.883
AddVertex,1.20, 1.4, 10.883
AddVertex,1.20, 1.98, 10.883
;--
AddVertex,-0.81, 1.8, 11.16
AddVertex,-0.81, 1.8, 11.452
AddVertex,-0.81, 1.3, 11.16
AddVertex,-0.81, 1.44, 11.452

AddVertex,-0.14, 1.8, 11.452
AddVertex,-0.14, 1.8, 11.22
AddVertex,-0.14, 1.44, 11.452
AddVertex,-0.14, 1.3, 11.22
;-
AddVertex,-0.91, 1.3, 10.883
AddVertex,-0.09, 1.3, 10.883
AddVertex,-0.91, 1.1, 10.883
AddVertex,-0.09, 1.1, 10.883

AddFace,0,1,2,3
AddFace,3,2,4
AddFace,3,4,6,5
AddFace,5,6,8,7
AddFace,7,8,10,9
AddFace,9,10,12,11
AddFace,11,12,14,13
AddFace,13,14,16,15
AddFace,15,16,18,17
AddFace,17,18,20,19
AddFace,19,20,22,21
AddFace,21,22,24,23
AddFace,23,24,27,26,25
;--
AddFace,28,29,31,30
AddFace,32,33,35,34
;-
AddFace,36,37,39,38
Translate,0,0.002,0.002

LoadTexture,class323_desk_5.png
SetTextureCoordinates,0, 0.04, 1
SetTextureCoordinates,1, 0.09, 0.6
SetTextureCoordinates,2, 0.09, -0.06
SetTextureCoordinates,3, 0.01, 1
SetTextureCoordinates,4, 0.01, -0.05
SetTextureCoordinates,5, 0.00, 1
SetTextureCoordinates,6, 0.00, -0.04
SetTextureCoordinates,7, 0.13, 1
SetTextureCoordinates,8, 0.13, -0.02
SetTextureCoordinates,9, 0.14, 1
SetTextureCoordinates,10, 0.14, 0
SetTextureCoordinates,11, 0.19, 1
SetTextureCoordinates,12, 0.19, 0
SetTextureCoordinates,13, 0.2, 1
SetTextureCoordinates,14, 0.2, 0
SetTextureCoordinates,15, 0.7, 1
SetTextureCoordinates,16, 0.7, 0
SetTextureCoordinates,17, 0.71, 1
SetTextureCoordinates,18, 0.71, 0
SetTextureCoordinates,19, 0.99, 1
SetTextureCoordinates,20, 0.99, 0
SetTextureCoordinates,21, 0.78, 1
SetTextureCoordinates,22, 0.78, 0
SetTextureCoordinates,23, 0.99, 1
SetTextureCoordinates,24, 0.99, 0
SetTextureCoordinates,25, 0.765, 1
SetTextureCoordinates,26, 0.71, 0.6
SetTextureCoordinates,27, 0.71, 0
;--
SetTextureCoordinates,28, 0.77, 0.4
SetTextureCoordinates,29, 0.77, 0.1
SetTextureCoordinates,30, 0.99, 0.4
SetTextureCoordinates,31, 0.99, 0.1

SetTextureCoordinates,32, 0.77, 0.4
SetTextureCoordinates,33, 0.77, 0.1
SetTextureCoordinates,34, 0.99, 0.4
SetTextureCoordinates,35, 0.99, 0.1
;-
SetTextureCoordinates,36, 0.77, 0.4
SetTextureCoordinates,37, 0.77, 0.1
SetTextureCoordinates,38, 0.99, 0.4
SetTextureCoordinates,39, 0.99, 0.1
SetDecalTransparentColor,0,0,255
SetEmissiveColor,60,60,60

;plate
CreateMeshBuilder
AddVertex,-0.91, 2.0, 11.45
AddVertex,0.91, 2.0, 11.45
AddVertex,-0.91, 1.45, 11.45
AddVertex,0.91, 1.45, 11.45
AddVertex,-0.91, 1.3, 10.883
AddVertex,0.91, 1.3, 10.883
AddFace,0,1,3,2
AddFace,2,3,5,4
SetColor,55,55,55
Translate,0,0.002,0.002

LoadTexture,plate1.png
SetTextureCoordinates,0, 0, 0
SetTextureCoordinates,1, 23, 0
SetTextureCoordinates,2, 0, 6
SetTextureCoordinates,3, 23, 6
SetTextureCoordinates,4, 0, 14
SetTextureCoordinates,5, 23, 14
SetEmissiveColor,60,60,60

;dra
CreateMeshBuilder
AddVertex,-0.668, 2.120, 11.308
AddVertex,-0.419, 2.120, 11.308
AddVertex,-0.419, 2.02, 11.260
AddVertex,-0.668, 2.02, 11.260
AddVertex,-0.419, 2.018, 11.258
AddVertex,-0.668, 2.018, 11.258
AddVertex,-0.419, 2.018, 11.240
AddVertex,-0.668, 2.018, 11.240
AddVertex,-0.419, 2.013, 11.236
AddVertex,-0.668, 2.013, 11.236
AddVertex,-0.419, 1.98, 11.238
AddVertex,-0.668, 1.98, 11.238
AddFace,0,1,2,3
AddFace,3,2,4,5
AddFace,5,4,6,7
AddFace,7,6,8,9
AddFace,9,8,10,11

LoadTexture,class323_dra_1.png
SetTextureCoordinates,0, 0, 0.03
SetTextureCoordinates,1, 1, 0.03
SetTextureCoordinates,2, 1, 0.62
SetTextureCoordinates,3, 0, 0.62
SetTextureCoordinates,4, 1, 0.66
SetTextureCoordinates,5, 0, 0.66
SetTextureCoordinates,6, 1, 0.72
SetTextureCoordinates,7, 0, 0.72
SetTextureCoordinates,8, 1, 0.85
SetTextureCoordinates,9, 0, 0.85
SetTextureCoordinates,10, 1, 0.99
SetTextureCoordinates,11, 0, 0.99
SetEmissiveColor,60,60,60






















;desk Right
CreateMeshBuilder
AddVertex,0.984, 2.363, 11.485
AddVertex,0.664, 2.363, 11.495
AddVertex,0.984, 2.375, 11.415
AddVertex,0.664, 2.375, 11.43
AddVertex,0.984, 2.375, 11.375
AddVertex,0.664, 2.375, 11.39
AddVertex,0.984, 2.355, 11.375
AddVertex,0.664, 2.355, 11.39
AddVertex,0.984, 2.345, 11.405
AddVertex,0.664, 2.345, 11.42
AddVertex,0.984, 2.08, 11.285
AddVertex,0.664, 2.08, 11.29

AddVertex,0.18, 2.363, 11.495
AddVertex,0.18, 2.375, 11.43
AddVertex,0.18, 2.375, 11.39
AddVertex,0.18, 2.355, 11.39
AddVertex,0.18, 2.345, 11.42
AddVertex,0.18, 2.08, 11.29
AddFace,2,3,1,0
AddFace,4,5,3,2
AddFace,6,7,5,4
AddFace,8,9,7,6
AddFace,10,11,9,8

AddFace,3,13,12,1
AddFace,5,14,13,3
AddFace,7,15,14,5
AddFace,9,16,15,7
AddFace,11,17,16,9

LoadTexture,class323_desk_1a.png
SetTextureCoordinates,0, 0, 0
SetTextureCoordinates,1, 0.36, 0
SetTextureCoordinates,2, 0, 0.06
SetTextureCoordinates,3, 0.36, 0.06
SetTextureCoordinates,4, 0, 0.08
SetTextureCoordinates,5, 0.36, 0.08
SetTextureCoordinates,6, 0, 0.13
SetTextureCoordinates,7, 0.36, 0.13
SetTextureCoordinates,8, 0.02, 0.17
SetTextureCoordinates,9, 0.36, 0.17
SetTextureCoordinates,10, 0, 0.99
SetTextureCoordinates,11, 0.36, 0.99
SetTextureCoordinates,12, 1, 0
SetTextureCoordinates,13, 1, 0.06
SetTextureCoordinates,14, 1, 0.08
SetTextureCoordinates,15, 1, 0.13
SetTextureCoordinates,16, 1, 0.17
SetTextureCoordinates,17, 1, 0.99
SetEmissiveColor,60,60,60

CreateMeshBuilder
AddVertex,0.17, 2.08, 11.3
AddVertex,0.17, 2.08, 10.888
AddVertex,1.2, 2.08, 11.29
AddVertex,1.2, 2.08, 10.888
AddFace,0,2,3,1

LoadTexture,class323_desk_3.png
SetTextureCoordinates,0, 1, 0
SetTextureCoordinates,1, 1, 1
SetTextureCoordinates,2, 0, 0
SetTextureCoordinates,3, 0, 1
SetEmissiveColor,60,60,60

CreateMeshBuilder
AddVertex,0.17, 2.08, 10.888
AddVertex,1.20, 2.08, 10.888
AddVertex,0.17, 2.075, 10.883
AddVertex,1.20, 2.075, 10.883
AddVertex,0.17, 1.98, 10.883
AddVertex,1.20, 1.98, 10.883
AddFace,3,2,0,1
AddFace,5,4,2,3

LoadTexture,class323_desk_2.png
SetTextureCoordinates,0, 2, 0.38
SetTextureCoordinates,1, 0, 0.38
SetTextureCoordinates,2, 2, 0.57
SetTextureCoordinates,3, 0, 0.57
SetTextureCoordinates,4, 2, 0.99
SetTextureCoordinates,5, 0, 0.99
SetEmissiveColor,60,60,60

CreateMeshBuilder
AddVertex,0.17, 2.08, 10.913
AddVertex,0.17, 2.10, 10.905
AddVertex,0.17, 2.10, 10.891
AddVertex,0.17, 2.08, 10.883
AddVertex,0.17, 2.065, 10.882

AddVertex,0.65, 2.08, 10.913
AddVertex,0.65, 2.10, 10.905
AddVertex,0.65, 2.10, 10.891
AddVertex,0.65, 2.08, 10.883
AddVertex,0.65, 2.065, 10.882

AddVertex,0.66, 2.08, 10.917
AddVertex,0.664, 2.10, 10.910
AddVertex,0.672, 2.10, 10.898
AddVertex,0.677, 2.08, 10.892
AddVertex,0.677, 2.075, 10.892

AddVertex,0.662, 2.08, 10.930
AddVertex,0.673, 2.10, 10.925
AddVertex,0.685, 2.10, 10.920
AddVertex,0.696, 2.08, 10.915

AddVertex,0.662, 2.08, 11.300
AddVertex,0.673, 2.10, 11.300
AddVertex,0.685, 2.10, 11.300
AddVertex,0.696, 2.08, 11.300

AddFace,0,5,6,1
AddFace,1,6,7,2
AddFace,2,7,8,3
AddFace,3,8,9,4

AddFace,5,10,11,6
AddFace,6,11,12,7
AddFace,7,12,13,8
AddFace,8,13,14,9

AddFace,10,15,16,11
AddFace,11,16,17,12
AddFace,12,17,18,13

AddFace,15,19,20,16
AddFace,16,20,21,17
AddFace,17,21,22,18

LoadTexture,class323_desk_2.png
SetTextureCoordinates,0, 0, 0.2
SetTextureCoordinates,1, 0, 0.35
SetTextureCoordinates,2, 0, 0.5
SetTextureCoordinates,3, 0, 0.7
SetTextureCoordinates,4, 0, 0.8

SetTextureCoordinates,5, 1, 0.2
SetTextureCoordinates,6, 1, 0.35
SetTextureCoordinates,7, 1, 0.5
SetTextureCoordinates,8, 1, 0.7
SetTextureCoordinates,9, 1, 0.8

SetTextureCoordinates,10, 1.1, 0.2
SetTextureCoordinates,11, 1.1, 0.35
SetTextureCoordinates,12, 1.1, 0.5
SetTextureCoordinates,13, 1.1, 0.7
SetTextureCoordinates,14, 1.1, 0.8

SetTextureCoordinates,15, 1.2, 0.2
SetTextureCoordinates,16, 1.2, 0.35
SetTextureCoordinates,17, 1.2, 0.5
SetTextureCoordinates,18, 1.2, 0.7

SetTextureCoordinates,19, 2, 0.2
SetTextureCoordinates,20, 2, 0.35
SetTextureCoordinates,21, 2, 0.5
SetTextureCoordinates,22, 2, 0.7
SetEmissiveColor,60,60,60



































;Outer Pillars
CreateMeshBuilder
AddVertex,-0.918, 3.45, 11.45
AddVertex,-0.98, 2.08, 11.55

AddVertex,-0.922, 3.48, 11.19
AddVertex,-0.984, 2.08, 11.19
AddVertex,-0.932, 3.48, 11.18
AddVertex,-0.994, 2.08, 11.18

AddVertex,-1.028, 3.48, 11.18
AddVertex,-1.09, 2.08, 11.18
AddVertex,-1.038, 3.48, 11.185
AddVertex,-1.10, 2.08, 11.185
;-
AddVertex,0.918, 3.45, 11.45
AddVertex,0.98, 2.08, 11.55

AddVertex,0.922, 3.48, 11.19
AddVertex,0.984, 2.08, 11.19
AddVertex,0.932, 3.48, 11.18
AddVertex,0.994, 2.08, 11.18

AddVertex,1.028, 3.48, 11.18
AddVertex,1.09, 2.08, 11.18
AddVertex,1.038, 3.48, 11.185
AddVertex,1.10, 2.08, 11.185
AddFace,0,1,3,2
AddFace,2,3,5,4
AddFace,4,5,7,6
AddFace,6,7,9,8
;-
AddFace,12,13,11,10
AddFace,14,15,13,12
AddFace,16,17,15,14
AddFace,18,19,17,16

LoadTexture,class323_cab_side_1.png
SetTextureCoordinates,0, 1, 0.022
SetTextureCoordinates,1, 1, 1
SetTextureCoordinates,2, 0.51, 0
SetTextureCoordinates,3, 0.51, 1
SetTextureCoordinates,4, 0.49, 0
SetTextureCoordinates,5, 0.49, 1
SetTextureCoordinates,6, 0.2, 0
SetTextureCoordinates,7, 0.2, 1
SetTextureCoordinates,8, 0.01, 0
SetTextureCoordinates,9, 0.01, 1
;-
SetTextureCoordinates,10, 1, 0.022
SetTextureCoordinates,11, 1, 1
SetTextureCoordinates,12, 0.51, 0
SetTextureCoordinates,13, 0.51, 1
SetTextureCoordinates,14, 0.49, 0
SetTextureCoordinates,15, 0.49, 1
SetTextureCoordinates,16, 0.2, 0
SetTextureCoordinates,17, 0.2, 1
SetTextureCoordinates,18, 0.01, 0
SetTextureCoordinates,19, 0.01, 1
SetEmissiveColor,60,60,60

CreateMeshBuilder
AddVertex,-1.138, 3.45, 10.92
AddVertex,-1.048, 3.45, 10.92
AddVertex,-1.038, 3.45, 10.93
AddVertex,-1.038, 3.45, 11.185

AddVertex,-1.195, 2.19, 10.92
AddVertex,-1.105, 2.19, 10.92
AddVertex,-1.095, 2.19, 10.93
AddVertex,-1.095, 2.19, 11.185

AddVertex,-1.20, 2.08, 11.05
AddVertex,-1.11, 2.08, 11.05
AddVertex,-1.10, 2.08, 11.06
AddVertex,-1.10, 2.08, 11.185
;-
AddVertex,1.138, 3.45, 10.895
AddVertex,1.048, 3.45, 10.895
AddVertex,1.038, 3.45, 10.905
AddVertex,1.038, 3.45, 11.185

AddVertex,1.200, 2.08, 10.895
AddVertex,1.110, 2.08, 10.895
AddVertex,1.100, 2.08, 10.905
AddVertex,1.100, 2.08, 11.185
AddFace,0,1,5,4
AddFace,1,2,6,5
AddFace,2,3,7,6
AddFace,4,5,9,8
AddFace,5,6,10,9
AddFace,6,7,11,10
;-
AddFace,16,17,13,12
AddFace,17,18,14,13
AddFace,18,19,15,14
;AddFace,20,21,17,16
;AddFace,21,22,18,17
;AddFace,22,23,19,18

LoadTexture,class323_cab_side_1a.png
SetTextureCoordinates,0, 0.01, 0
SetTextureCoordinates,1, 0.48, 0
SetTextureCoordinates,2, 0.52, 0
SetTextureCoordinates,3, 0.99, 0
SetTextureCoordinates,4, 0.01, 0.54
SetTextureCoordinates,5, 0.48, 0.54
SetTextureCoordinates,6, 0.52, 0.54
SetTextureCoordinates,7, 0.99, 0.54
SetTextureCoordinates,8, 0.01, 0.59
SetTextureCoordinates,9, 0.48, 0.59
SetTextureCoordinates,10, 0.52, 0.59
SetTextureCoordinates,11, 0.99, 0.59
;-
SetTextureCoordinates,12, 0.01, 0
SetTextureCoordinates,13, 0.48, 0
SetTextureCoordinates,14, 0.52, 0
SetTextureCoordinates,15, 0.99, 0
SetTextureCoordinates,16, 0.01, 0.59
SetTextureCoordinates,17, 0.48, 0.59
SetTextureCoordinates,18, 0.52, 0.59
SetTextureCoordinates,19, 0.99, 0.59
SetEmissiveColor,60,60,60

CreateMeshBuilder
AddVertex,-1.079, 2.54, 10.94
AddVertex,-1.079, 2.54, 11.17
AddVertex,-1.095, 2.185, 11.17
AddVertex,-1.095, 2.185, 10.94
AddFace,0,1,2,3

LoadTexture,class323_Side_Panel_1.png
SetTextureCoordinates,0, 0, 0
SetTextureCoordinates,1, 1, 0
SetTextureCoordinates,2, 1, 1
SetTextureCoordinates,3, 0, 1
SetEmissiveColor,60,60,60

CreateMeshBuilder
AddVertex,-1.044, 3.26, 10.94
AddVertex,-1.044, 3.26, 11.15
AddVertex,-1.055, 2.97, 11.15
AddVertex,-1.055, 2.97, 10.94
AddFace,0,1,2,3

LoadTexture,class323_Side_Panel_2.png
SetTextureCoordinates,0, 0, 0
SetTextureCoordinates,1, 1, 0
SetTextureCoordinates,2, 1, 1
SetTextureCoordinates,3, 0, 1
SetEmissiveColor,60,60,60

CreateMeshBuilder
AddVertex,1.045, 3.26, 10.92
AddVertex,1.044, 3.26, 11.15
AddVertex,1.098, 2.095, 11.17
AddVertex,1.098, 2.095, 10.92
AddFace,3,2,1,0

LoadTexture,class323_Side_Panel_3.png
SetTextureCoordinates,0, 1, 0
SetTextureCoordinates,1, 0, 0
SetTextureCoordinates,2, 0, 1
SetTextureCoordinates,3, 1, 1
SetEmissiveColor,60,60,60

;Centre Pillar
CreateMeshBuilder
AddVertex,-0.06, 3.48, 11.459
AddVertex,-0.06, 3.48, 11.364
AddVertex,-0.055, 3.48, 11.359
AddVertex,0.055, 3.48, 11.359
AddVertex,0.06, 3.48, 11.364
AddVertex,0.06, 3.48, 11.459

AddVertex,-0.06, 2.2, 11.56
AddVertex,-0.06, 2.2, 11.46
AddVertex,-0.055, 2.2, 11.455
AddVertex,0.055, 2.2, 11.455
AddVertex,0.06, 2.2, 11.46
AddVertex,0.06, 2.2, 11.56
AddFace,0,1,7,6
AddFace,1,2,8,7
AddFace,2,3,9,8
AddFace,3,4,10,9
AddFace,4,5,11,10

LoadTexture,class323_cab_side_1a.png
SetTextureCoordinates,0, 0.5, 0
SetTextureCoordinates,1, 0.99, 0
SetTextureCoordinates,2, 1.0, 0
SetTextureCoordinates,3, 1.49, 0
SetTextureCoordinates,4, 1.51, 0
SetTextureCoordinates,5, 1.99, 0

SetTextureCoordinates,6, 0.5, 0.92
SetTextureCoordinates,7, 0.99, 0.92
SetTextureCoordinates,8, 1.0, 0.92
SetTextureCoordinates,9, 1.49, 0.92
SetTextureCoordinates,10, 1.51, 0.92
SetTextureCoordinates,11, 1.99, 0.92
SetEmissiveColor,60,60,60

CreateMeshBuilder
AddVertex,-0.055, 2.562, 11.428
AddVertex,0.045, 2.562, 11.428
AddVertex,-0.055, 2.555, 11.421
AddVertex,0.045, 2.555, 11.421
AddFace,0,1,3,2

LoadTexture,class323_cab_side_1a.png
SetTextureCoordinates,0, 0.51, 0
SetTextureCoordinates,1, 0.99, 0
SetTextureCoordinates,2, 0.51, 0.1
SetTextureCoordinates,3, 0.99, 0.1
SetColor,120,120,120
SetEmissiveColor,60,60,60

CreateMeshBuilder
AddVertex,-0.055, 2.562, 11.428
AddVertex,0.045, 2.562, 11.428
AddVertex,-0.055, 2.555, 11.421
AddVertex,0.045, 2.555, 11.421
AddVertex,-0.055, 2.541, 11.362
AddVertex,0.045, 2.541, 11.362
AddVertex,-0.050, 2.539, 11.358
AddVertex,0.040, 2.539, 11.358

AddVertex,-0.06, 2.550, 11.433
AddVertex,0.05, 2.550, 11.433
AddVertex,-0.06, 2.5355, 11.360
AddVertex,0.05, 2.5355, 11.360
AddVertex,-0.054, 2.534, 11.354
AddVertex,0.044, 2.534, 11.354

AddVertex,-0.06, 2.360, 11.449
AddVertex,0.05, 2.360, 11.449
AddVertex,-0.06, 2.346, 11.360
AddVertex,0.05, 2.346, 11.360
AddVertex,-0.054, 2.344, 11.354
AddVertex,0.044, 2.344, 11.354

AddFace,2,3,5,4
AddFace,4,5,7,6

AddFace,0,2,8
AddFace,1,9,3

AddFace,2,4,10,8
AddFace,4,6,12,10
AddFace,6,7,13,12
AddFace,7,5,11,13
AddFace,5,3,9,11

AddFace,8,10,16,14
AddFace,10,12,18,16
AddFace,12,13,19,18
AddFace,13,11,17,19
AddFace,11,9,15,17

LoadTexture,class323_cab_side_1a.png
SetTextureCoordinates,0, 0.51, 0
SetTextureCoordinates,1, 0.99, 0
SetTextureCoordinates,2, 0.51, 0.1
SetTextureCoordinates,3, 0.99, 0.1
SetTextureCoordinates,4, 0.51, 0.2
SetTextureCoordinates,5, 0.99, 0.2
SetTextureCoordinates,6, 0.51, 0.3
SetTextureCoordinates,7, 0.99, 0.3

SetTextureCoordinates,8, 0.51, 0.1
SetTextureCoordinates,9, 0.99, 0.1
SetTextureCoordinates,10, 0.51, 0.2
SetTextureCoordinates,11, 0.99, 0.2
SetTextureCoordinates,12, 0.51, 0.3
SetTextureCoordinates,13, 0.99, 0.3

SetTextureCoordinates,14, 0.99, 0.1
SetTextureCoordinates,15, 0.99, 0.1
SetTextureCoordinates,16, 0.99, 0.2
SetTextureCoordinates,17, 0.51, 0.2
SetTextureCoordinates,18, 0.51, 0.3
SetTextureCoordinates,19, 0.51, 0.3
SetEmissiveColor,60,60,60

CreateMeshBuilder
AddVertex,-0.046, 2.53, 11.351
AddVertex,0.038, 2.53, 11.351
AddVertex,0.038, 2.38, 11.351
AddVertex,-0.046, 2.38, 11.351
AddFace,0,1,2,3

LoadTexture,class323_cab_1.png
SetTextureCoordinates,0, 0, 0
SetTextureCoordinates,1, 1, 0
SetTextureCoordinates,2, 1, 1
SetTextureCoordinates,3, 0, 1
SetEmissiveColor,60,60,60

;destination display
CreateMeshBuilder
AddVertex,0.06, 3.4, 11.48
AddVertex,0.06, 3.4, 11.325
AddVertex,0.065, 3.4, 11.32
AddVertex,0.92, 3.4, 11.32

AddVertex,0.06, 2.98, 11.48
AddVertex,0.06, 2.98, 11.325
AddVertex,0.065, 2.98, 11.32
AddVertex,0.92, 2.98, 11.32

AddVertex,0.065, 2.975, 11.48
AddVertex,0.062, 2.975, 11.325
AddVertex,0.065, 2.975, 11.322
AddVertex,0.92, 2.975, 11.325

AddVertex,0.92, 2.975, 11.48

AddFace,0,1,5,4
AddFace,1,2,6,5
AddFace,2,3,7,6

AddFace,4,5,9,8
AddFace,5,6,10,9
AddFace,6,7,11,10

AddFace,8,9,10,11,12

LoadTexture,class323_destinationdisplay_1.png
SetTextureCoordinates,0, 0.00, 0
SetTextureCoordinates,1, 0.06, 0
SetTextureCoordinates,2, 0.07, 0
SetTextureCoordinates,3, 0.95, 0
SetTextureCoordinates,4, 0.00, 0.85
SetTextureCoordinates,5, 0.06, 0.85
SetTextureCoordinates,6, 0.07, 0.85
SetTextureCoordinates,7, 0.95, 0.85
SetTextureCoordinates,8, 0.00, 0.86
SetTextureCoordinates,9, 0.06, 0.86
SetTextureCoordinates,10, 0.07, 1.05
SetTextureCoordinates,11, 0.95, 1.05
SetEmissiveColor,60,60,60

;Window Blind Housings
CreateMeshBuilder
AddVertex,-0.93, 3.345, 11.34
AddVertex,-0.04, 3.345, 11.34
AddVertex,-0.93, 3.31, 11.34
AddVertex,-0.04, 3.31, 11.34
AddVertex,-0.93, 3.31, 11.365
AddVertex,-0.04, 3.31, 11.365
AddVertex,-0.93, 3.345, 11.365
AddVertex,-0.04, 3.345, 11.365
;-
AddVertex,0.93, 2.975, 11.375
AddVertex,0.06, 2.975, 11.375
AddVertex,0.93, 2.940, 11.375
AddVertex,0.06, 2.940, 11.375
AddVertex,0.93, 2.940, 11.40
AddVertex,0.06, 2.940, 11.40
AddVertex,0.93, 2.975, 11.40
AddVertex,0.06, 2.975, 11.40
AddFace,0,1,3,2
AddFace,2,3,5,4
AddFace,1,7,5,3
;-
AddFace,10,11,9,8
AddFace,12,13,11,10
AddFace,11,13,15,9
setcolor,50,50,50

LoadTexture,class323_desk_3.png
SetTextureCoordinates,0, 0.2, 0
SetTextureCoordinates,1, 0.8, 0
SetTextureCoordinates,2, 0.2, 0.5
SetTextureCoordinates,3, 0.8, 0.5
SetTextureCoordinates,4, 0.2, 1
SetTextureCoordinates,5, 0.8, 1
SetTextureCoordinates,6, 0.2, 1
SetTextureCoordinates,7, 0.8, 1
;-
SetTextureCoordinates,8, 0.2, 0
SetTextureCoordinates,9, 0.8, 0
SetTextureCoordinates,10, 0.2, 0.5
SetTextureCoordinates,11, 0.8, 0.5
SetTextureCoordinates,12, 0.2, 1
SetTextureCoordinates,13, 0.8, 1
SetTextureCoordinates,14, 0.2, 1
SetTextureCoordinates,15, 0.8, 1
SetEmissiveColor,60,60,60

;Window Blind Left
CreateMeshBuilder
AddVertex,-0.93, 3.31, 11.365
AddVertex,-0.04, 3.31, 11.365
AddVertex,-0.93, 3.04, 11.385
AddVertex,-0.04, 3.04, 11.385
AddVertex,-0.93, 3.01, 11.38
AddVertex,-0.04, 3.01, 11.38
AddFace,0,1,3,2
AddFace,2,3,5,4
SetColor,130,130,130

LoadTexture,..\ext_view\class323_Roof_1a.png
SetTextureCoordinates,0, 0, 0
SetTextureCoordinates,1, 3, 0
SetTextureCoordinates,2, 0, 0.3
SetTextureCoordinates,3, 3, 0.3
SetTextureCoordinates,4, 0, 0.4
SetTextureCoordinates,5, 3, 0.4
SetEmissiveColor,60,60,60

;Window Blind Right
CreateMeshBuilder
AddVertex,0.06, 2.94, 11.40
AddVertex,0.93, 2.94, 11.40
AddVertex,0.06, 2.92, 11.402
AddVertex,0.93, 2.92, 11.402
AddVertex,0.06, 2.89, 11.397
AddVertex,0.93, 2.89, 11.397
AddFace,0,1,3,2
AddFace,2,3,5,4
SetColor,130,130,130

LoadTexture,..\ext_view\class323_Roof_1a.png
SetTextureCoordinates,0, 0, 0.2
SetTextureCoordinates,1, 3, 0.2
SetTextureCoordinates,2, 0, 0.3
SetTextureCoordinates,3, 3, 0.3
SetTextureCoordinates,4, 0, 0.4
SetTextureCoordinates,5, 3, 0.4
SetEmissiveColor,60,60,60

;Ceiling
CreateMeshBuilder
AddVertex,1.068, 3.37, 11.45
AddVertex,0.698, 3.37, 11.45
AddVertex,0.398, 3.37, 11.45
AddVertex,-0.398, 3.37, 11.45
AddVertex,-0.698, 3.37, 11.45
AddVertex,-1.068, 3.37, 11.45

AddVertex,1.168, 3.37, 11.235
AddVertex,0.798, 3.52, 11.235
AddVertex,0.398, 3.59, 11.235
AddVertex,-0.398, 3.59, 11.235
AddVertex,-0.798, 3.52, 11.235
AddVertex,-1.168, 3.37, 11.235

AddVertex,1.268, 3.37, 9.92
AddVertex,0.898, 3.52, 9.92
AddVertex,0.498, 3.59, 9.92
AddVertex,-0.498, 3.59, 9.92
AddVertex,-0.898, 3.52, 9.92
AddVertex,-1.268, 3.37, 9.92

AddFace,0,1,7,6
AddFace,1,2,8,7
AddFace,2,3,9,8
AddFace,3,4,10,9
AddFace,4,5,11,10

AddFace,6,7,13,12
AddFace,7,8,14,13
AddFace,8,9,15,14
AddFace,9,10,16,15
AddFace,10,11,17,16
SetEmissiveColor,225,220,200

LoadTexture,class323_interior_Cab_Ceiling_1.png
SetTextureCoordinates,0, 0, 0
SetTextureCoordinates,1, 0.2, 0
SetTextureCoordinates,2, 0.4, 0
SetTextureCoordinates,3, 0.6, 0
SetTextureCoordinates,4, 0.8, 0
SetTextureCoordinates,5, 1, 0

SetTextureCoordinates,6, 0, 0.1
SetTextureCoordinates,7, 0.2, 0.1
SetTextureCoordinates,8, 0.4, 0.1
SetTextureCoordinates,9, 0.6, 0.1
SetTextureCoordinates,10, 0.8, 0.1
SetTextureCoordinates,11, 1, 0.1

SetTextureCoordinates,12, 0, 1
SetTextureCoordinates,13, 0.2, 1
SetTextureCoordinates,14, 0.4, 1
SetTextureCoordinates,15, 0.6, 1
SetTextureCoordinates,16, 0.8, 1
SetTextureCoordinates,17, 1, 1

TranslateAll,0,0,0.09

;interior Lights
CreateMeshBuilder
AddVertex,-0.36, 3.58, 10.035
AddVertex,-0.36, 3.53, 10.035
AddVertex,-0.09, 3.53, 10.035
AddVertex,-0.09, 3.58, 10.035
AddVertex,-0.36, 3.58, 10.235
AddVertex,-0.36, 3.53, 10.235
AddVertex,-0.09, 3.53, 10.235
AddVertex,-0.09, 3.58, 10.235

AddVertex,0.36, 3.58, 10.035
AddVertex,0.36, 3.53, 10.035
AddVertex,0.09, 3.53, 10.035
AddVertex,0.09, 3.58, 10.035
AddVertex,0.36, 3.58, 10.235
AddVertex,0.36, 3.53, 10.235
AddVertex,0.09, 3.53, 10.235
AddVertex,0.09, 3.58, 10.235
AddFace,0,1,5,4
AddFace,1,2,6,5
AddFace,2,3,7,6
AddFace,4,5,6,7

AddFace,12,13,9,8
AddFace,13,14,10,9
AddFace,14,15,11,10
AddFace,15,14,13,12
SetEmissiveColor,225,220,200

LoadTexture,..\ext_view\class323_interior_Light_1_On.png
SetTextureCoordinates,0, 0, 0
SetTextureCoordinates,1, 0.2, 0
SetTextureCoordinates,2, 0.8, 0
SetTextureCoordinates,3, 1, 0
SetTextureCoordinates,4, 0, 1
SetTextureCoordinates,5, 0.2, 1
SetTextureCoordinates,6, 0.8, 1
SetTextureCoordinates,7, 1, 1

SetTextureCoordinates,8, 0, 0
SetTextureCoordinates,9, 0.2, 0
SetTextureCoordinates,10, 0.8, 0
SetTextureCoordinates,11, 1, 0
SetTextureCoordinates,12, 0, 1
SetTextureCoordinates,13, 0.2, 1
SetTextureCoordinates,14, 0.8, 1
SetTextureCoordinates,15, 1, 1

;Side Fill
CreateMeshBuilder
AddVertex,-1.215, 3.37, 10.97
AddVertex,-1.323, 1.85, 10.97
AddVertex,-1.325, 1.75, 10.97
AddVertex,-1.322, 1.65, 10.97
AddVertex,-1.310, 1.55, 10.97
AddVertex,-1.290, 1.45, 10.97
AddVertex,-1.235, 1.3, 10.97
AddVertex,-1.135, 1.1, 10.97

AddVertex,-1.138, 3.45, 10.97
AddVertex,-1.138, 3.45, 11.17
AddVertex,-1.20, 2.025, 10.97
AddVertex,-1.20, 2.025, 11.17
AddVertex,-1.20, 1.4, 10.97
AddVertex,-1.20, 1.4, 11.17
AddVertex,-1.00, 1.0, 10.97
AddVertex,-1.00, 1.0, 11.17
;-
AddVertex,1.215, 3.37, 10.97
AddVertex,1.323, 1.85, 10.97
AddVertex,1.325, 1.75, 10.97
AddVertex,1.322, 1.65, 10.97
AddVertex,1.310, 1.55, 10.97
AddVertex,1.290, 1.45, 10.97
AddVertex,1.235, 1.3, 10.97
AddVertex,1.135, 1.1, 10.97

AddVertex,1.138, 3.45, 10.97
AddVertex,1.138, 3.45, 11.17
AddVertex,1.20, 2.025, 10.97
AddVertex,1.20, 2.025, 11.17
AddVertex,1.20, 1.4, 10.97
AddVertex,1.20, 1.4, 11.17
AddVertex,1.00, 1.0, 10.97
AddVertex,1.00, 1.0, 11.17
AddFace,0,8,10,1
AddFace,0,10,1
AddFace,1,10,2
AddFace,2,10,3
AddFace,3,10,4
AddFace,4,10,12
AddFace,4,12,5
AddFace,5,12,6
AddFace,6,12,14,7

AddFace,8,9,11,10
AddFace,10,11,13,12
AddFace,12,13,15,14
;-
AddFace,17,26,24,16
AddFace,17,26,16
AddFace,18,26,17
AddFace,19,26,18
AddFace,20,26,19
AddFace,28,26,20
AddFace,21,28,20
AddFace,22,28,21
AddFace,23,30,28,22

AddFace,26,27,25,24
AddFace,28,29,27,26
AddFace,30,31,29,28
SetColor,200,200,200

LoadTexture,class323_cab_side_1.png
SetTextureCoordinates,0, 0, 0.00
SetTextureCoordinates,1, 0, 0.42
SetTextureCoordinates,2, 0, 0.45
SetTextureCoordinates,3, 0, 0.48
SetTextureCoordinates,4, 0, 0.51
SetTextureCoordinates,5, 0, 0.54
SetTextureCoordinates,6, 0, 0.57
SetTextureCoordinates,7, 0, 0.60

SetTextureCoordinates,8, 0.5, 0.00
SetTextureCoordinates,9, 0.99, 0.00
SetTextureCoordinates,10, 0.5, 0.35
SetTextureCoordinates,11, 0.99, 0.35
SetTextureCoordinates,12, 0.5, 0.42
SetTextureCoordinates,13, 0.99, 0.42
SetTextureCoordinates,14, 0.5, 0.60
SetTextureCoordinates,15, 0.99, 0.60
;-
SetTextureCoordinates,16, 0, 0.00
SetTextureCoordinates,17, 0, 0.42
SetTextureCoordinates,18, 0, 0.45
SetTextureCoordinates,19, 0, 0.48
SetTextureCoordinates,20, 0, 0.51
SetTextureCoordinates,21, 0, 0.54
SetTextureCoordinates,22, 0, 0.57
SetTextureCoordinates,23, 0, 0.60

SetTextureCoordinates,24, 0.5, 0.00
SetTextureCoordinates,25, 0.99, 0.00
SetTextureCoordinates,26, 0.5, 0.35
SetTextureCoordinates,27, 0.99, 0.35
SetTextureCoordinates,28, 0.5, 0.42
SetTextureCoordinates,29, 0.99, 0.42
SetTextureCoordinates,30, 0.5, 0.60
SetTextureCoordinates,31, 0.99, 0.60
SetEmissiveColor,60,60,60

;Sides - Front
CreateMeshBuilder
AddVertex,1.266, 3.37, 10.07
AddVertex,1.367, 1.95, 10.07
AddVertex,1.341, 1.45, 10.07
AddVertex,1.186, 1.1, 10.07
AddVertex,1.266, 3.37, 10.01
AddVertex,1.367, 1.95, 10.01
AddVertex,1.341, 1.45, 10.01
AddVertex,1.186, 1.1, 10.01

AddVertex,-1.266, 3.37, 10.07
AddVertex,-1.367, 1.95, 10.07
AddVertex,-1.341, 1.45, 10.07
AddVertex,-1.186, 1.1, 10.07
AddVertex,-1.266, 3.37, 10.01
AddVertex,-1.367, 1.95, 10.01
AddVertex,-1.341, 1.45, 10.01
AddVertex,-1.186, 1.1, 10.01

AddFace,0,4,5,1
AddFace,1,5,6,2
AddFace,2,6,7,3

AddFace,9,13,12,8
AddFace,10,14,13,9
AddFace,11,15,14,10
SetEmissiveColor,225,220,200

LoadTexture,class323_interior_Cab_Ceiling_1.png
SetTextureCoordinates,0, 0, 0.002
SetTextureCoordinates,1, 0, 0.5
SetTextureCoordinates,2, 0, 0.6
SetTextureCoordinates,3, 0, 0.7
SetTextureCoordinates,4, 1, 0.002
SetTextureCoordinates,5, 1, 0.5
SetTextureCoordinates,6, 1, 0.6
SetTextureCoordinates,7, 1, 0.7

SetTextureCoordinates,8, 0, 0.002
SetTextureCoordinates,9, 0, 0.5
SetTextureCoordinates,10, 0, 0.6
SetTextureCoordinates,11, 0, 0.7
SetTextureCoordinates,12, 1, 0.002
SetTextureCoordinates,13, 1, 0.5
SetTextureCoordinates,14, 1, 0.6
SetTextureCoordinates,15, 1, 0.7
SetDecalTransparentColor,0,0,0

CreateMeshBuilder
AddVertex,0.71, 3.545, 11.27
AddVertex,0.77, 3.545, 10.02
AddVertex,0.71, 3.48, 11.27
AddVertex,0.77, 3.48, 10.02
AddVertex,0.85, 3.28, 11.27
AddVertex,0.91, 3.28, 10.02
AddVertex,1.21, 3.28, 11.27
AddVertex,1.27, 3.28, 10.02

AddVertex,-0.71, 3.545, 11.27
AddVertex,-0.77, 3.545, 10.02
AddVertex,-0.71, 3.48, 11.27
AddVertex,-0.77, 3.48, 10.02
AddVertex,-0.85, 3.28, 11.27
AddVertex,-0.91, 3.28, 10.02
AddVertex,-1.21, 3.28, 11.27
AddVertex,-1.27, 3.28, 10.02

AddFace,0,1,3,2
AddFace,2,3,5,4
AddFace,4,5,7,6

AddFace,0,2,4,6

AddFace,10,11,9,8
AddFace,12,13,11,10
AddFace,14,15,13,12

AddFace,14,12,10,8
SetEmissiveColor,120,120,120

LoadTexture,..\ext_view\centro\class323_interior_Texture_1.png
SetTextureCoordinates,0, -0.21, 0
SetTextureCoordinates,1, 0.795, 0
SetTextureCoordinates,2, -0.21, 0.2
SetTextureCoordinates,3, 0.795, 0.2
SetTextureCoordinates,4, -0.21, 0.37
SetTextureCoordinates,5, 0.795, 0.37
SetTextureCoordinates,6, -0.21, 0.5
SetTextureCoordinates,7, 0.795, 0.5

SetTextureCoordinates,8, -0.21, 0
SetTextureCoordinates,9, 0.795, 0
SetTextureCoordinates,10, -0.21, 0.2
SetTextureCoordinates,11, 0.795, 0.2
SetTextureCoordinates,12, -0.21, 0.37
SetTextureCoordinates,13, 0.795, 0.37
SetTextureCoordinates,14, -0.21, 0.5
SetTextureCoordinates,15, 0.795, 0.5


CreateMeshBuilder
AddVertex,0.25, 2.36, -0.3
AddVertex,-0.25, 2.36, -0.3
AddVertex,0.25, 2.01, -0.2
AddVertex,-0.25, 2.01, -0.2
AddVertex,0.25, 1.755, -0.15
AddVertex,-0.25, 1.755, -0.15
AddVertex,0.25, 1.755, 0.25
AddVertex,-0.25, 1.755, 0.25
AddVertex,0.25, 1.65, 0.25
AddVertex,-0.25, 1.65, 0.25

AddFace,0,1,3,2
AddFace,2,3,5,4
AddFace,4,5,7,6
AddFace,6,7,9,8
SetColor,120,120,120
SetEmissiveColor,85,80,60
Translate,-0.600, 0, 10.4

LoadTexture,..\ext_view\centro\class323_Seat_2.png
SetTextureCoordinates,0, 0, 0.001
SetTextureCoordinates,1, 1, 0.001
SetTextureCoordinates,2, 0, 0.45
SetTextureCoordinates,3, 1, 0.45
SetTextureCoordinates,4, 0.02, 0.68
SetTextureCoordinates,5, 0.98, 0.68
SetTextureCoordinates,6, 0.02, 0.91
SetTextureCoordinates,7, 0.98, 0.91
SetTextureCoordinates,8, 0, 0.999
SetTextureCoordinates,9, 1, 0.999
SetDecalTransparentcolor,0,0,255

CreateMeshBuilder
AddVertex,-0.25, 1.755, 0.25
AddVertex,-0.24, 1.63, 0.25
AddVertex,-0.25, 1.755, -0.15
AddVertex,-0.24, 1.63, -0.24
AddVertex,-0.25, 2.03, -0.202
AddVertex,-0.25, 2.03, -0.292
AddVertex,-0.22, 2.21, -0.257
AddVertex,-0.22, 2.21, -0.327
AddVertex,-0.20, 2.29, -0.279
AddVertex,-0.20, 2.29, -0.349
AddVertex,-0.17, 2.35, -0.299
AddVertex,-0.17, 2.35, -0.359
AddVertex,-0.15, 2.36, -0.299
AddVertex,-0.15, 2.36, -0.359

AddVertex,0.15, 2.36, -0.299
AddVertex,0.15, 2.36, -0.359
AddVertex,0.17, 2.35, -0.299
AddVertex,0.17, 2.35, -0.359
AddVertex,0.20, 2.29, -0.279
AddVertex,0.20, 2.29, -0.349
AddVertex,0.22, 2.21, -0.257
AddVertex,0.22, 2.21, -0.327
AddVertex,0.25, 2.03, -0.202
AddVertex,0.25, 2.03, -0.292
AddVertex,0.25, 1.755, -0.15
AddVertex,0.24, 1.63, -0.24
AddVertex,0.25, 1.755, 0.25
AddVertex,0.24, 1.63, 0.25
AddFace,0,2,3,1
AddFace,2,4,5,3
AddFace,4,6,7,5
AddFace,6,8,9,7
AddFace,8,10,11,9
AddFace,10,12,13,11
AddFace,12,14,15,13
AddFace,14,16,17,15
AddFace,16,18,19,17
AddFace,18,20,21,19
AddFace,20,22,23,21
AddFace,22,24,25,23
AddFace,24,26,27,25
SetColor,120,120,120
SetEmissiveColor,85,80,60
Translate,-0.600, 0, 10.4

LoadTexture,..\ext_view\centro\class323_Seat_Side.png
SetTextureCoordinates,0, 0.001, 0.001
SetTextureCoordinates,1, 0.001, 0.999
SetTextureCoordinates,2, 0.24, 0.001
SetTextureCoordinates,3, 0.24, 0.999
SetTextureCoordinates,4, 0.70, 0.001
SetTextureCoordinates,5, 0.70, 0.999
SetTextureCoordinates,6, 0.99, 0.001
SetTextureCoordinates,7, 0.99, 0.999
SetTextureCoordinates,8, 0.85, 0.001
SetTextureCoordinates,9, 0.85, 0.999
SetTextureCoordinates,10, 0.74, 0.001
SetTextureCoordinates,11, 0.74, 0.999
SetTextureCoordinates,12, 0.78, 0.001
SetTextureCoordinates,13, 0.78, 0.999

SetTextureCoordinates,14, 0.98, 0.001
SetTextureCoordinates,15, 0.98, 0.999
SetTextureCoordinates,16, 0.96, 0.001
SetTextureCoordinates,17, 0.96, 0.999
SetTextureCoordinates,18, 0.84, 0.001
SetTextureCoordinates,19, 0.84, 0.999
SetTextureCoordinates,20, 0.99, 0.001
SetTextureCoordinates,21, 0.99, 0.999
SetTextureCoordinates,22, 0.70, 0.001
SetTextureCoordinates,23, 0.70, 0.999
SetTextureCoordinates,24, 0.24, 0.001
SetTextureCoordinates,25, 0.24, 0.999
SetTextureCoordinates,26, 0.001, 0.001
SetTextureCoordinates,27, 0.001, 0.999











CreateMeshBuilder
AddVertex,0.25, 2.36, -0.3
AddVertex,-0.25, 2.36, -0.3
AddVertex,0.25, 2.01, -0.2
AddVertex,-0.25, 2.01, -0.2
AddVertex,0.25, 1.755, -0.15
AddVertex,-0.25, 1.755, -0.15
AddVertex,0.25, 1.755, 0.25
AddVertex,-0.25, 1.755, 0.25
AddVertex,0.25, 1.65, 0.25
AddVertex,-0.25, 1.65, 0.25

AddFace,0,1,3,2
AddFace,2,3,5,4
AddFace,4,5,7,6
AddFace,6,7,9,8
SetColor,120,120,120
SetEmissiveColor,85,80,60
Translate,0.600, 0, 10.4

LoadTexture,..\ext_view\centro\class323_Seat_2.png
SetTextureCoordinates,0, 0, 0.001
SetTextureCoordinates,1, 1, 0.001
SetTextureCoordinates,2, 0, 0.45
SetTextureCoordinates,3, 1, 0.45
SetTextureCoordinates,4, 0.02, 0.68
SetTextureCoordinates,5, 0.98, 0.68
SetTextureCoordinates,6, 0.02, 0.91
SetTextureCoordinates,7, 0.98, 0.91
SetTextureCoordinates,8, 0, 0.999
SetTextureCoordinates,9, 1, 0.999
SetDecalTransparentcolor,0,0,255

CreateMeshBuilder
AddVertex,-0.25, 1.755, 0.25
AddVertex,-0.24, 1.63, 0.25
AddVertex,-0.25, 1.755, -0.15
AddVertex,-0.24, 1.63, -0.24
AddVertex,-0.25, 2.03, -0.202
AddVertex,-0.25, 2.03, -0.292
AddVertex,-0.22, 2.21, -0.257
AddVertex,-0.22, 2.21, -0.327
AddVertex,-0.20, 2.29, -0.279
AddVertex,-0.20, 2.29, -0.349
AddVertex,-0.17, 2.35, -0.299
AddVertex,-0.17, 2.35, -0.359
AddVertex,-0.15, 2.36, -0.299
AddVertex,-0.15, 2.36, -0.359

AddVertex,0.15, 2.36, -0.299
AddVertex,0.15, 2.36, -0.359
AddVertex,0.17, 2.35, -0.299
AddVertex,0.17, 2.35, -0.359
AddVertex,0.20, 2.29, -0.279
AddVertex,0.20, 2.29, -0.349
AddVertex,0.22, 2.21, -0.257
AddVertex,0.22, 2.21, -0.327
AddVertex,0.25, 2.03, -0.202
AddVertex,0.25, 2.03, -0.292
AddVertex,0.25, 1.755, -0.15
AddVertex,0.24, 1.63, -0.24
AddVertex,0.25, 1.755, 0.25
AddVertex,0.24, 1.63, 0.25
AddFace,0,2,3,1
AddFace,2,4,5,3
AddFace,4,6,7,5
AddFace,6,8,9,7
AddFace,8,10,11,9
AddFace,10,12,13,11
AddFace,12,14,15,13
AddFace,14,16,17,15
AddFace,16,18,19,17
AddFace,18,20,21,19
AddFace,20,22,23,21
AddFace,22,24,25,23
AddFace,24,26,27,25
SetColor,120,120,120
SetEmissiveColor,85,80,60
Translate,0.600, 0, 10.4

LoadTexture,..\ext_view\centro\class323_Seat_Side.png
SetTextureCoordinates,0, 0.001, 0.001
SetTextureCoordinates,1, 0.001, 0.999
SetTextureCoordinates,2, 0.24, 0.001
SetTextureCoordinates,3, 0.24, 0.999
SetTextureCoordinates,4, 0.70, 0.001
SetTextureCoordinates,5, 0.70, 0.999
SetTextureCoordinates,6, 0.99, 0.001
SetTextureCoordinates,7, 0.99, 0.999
SetTextureCoordinates,8, 0.85, 0.001
SetTextureCoordinates,9, 0.85, 0.999
SetTextureCoordinates,10, 0.74, 0.001
SetTextureCoordinates,11, 0.74, 0.999
SetTextureCoordinates,12, 0.78, 0.001
SetTextureCoordinates,13, 0.78, 0.999

SetTextureCoordinates,14, 0.98, 0.001
SetTextureCoordinates,15, 0.98, 0.999
SetTextureCoordinates,16, 0.96, 0.001
SetTextureCoordinates,17, 0.96, 0.999
SetTextureCoordinates,18, 0.84, 0.001
SetTextureCoordinates,19, 0.84, 0.999
SetTextureCoordinates,20, 0.99, 0.001
SetTextureCoordinates,21, 0.99, 0.999
SetTextureCoordinates,22, 0.70, 0.001
SetTextureCoordinates,23, 0.70, 0.999
SetTextureCoordinates,24, 0.24, 0.001
SetTextureCoordinates,25, 0.24, 0.999
SetTextureCoordinates,26, 0.001, 0.001
SetTextureCoordinates,27, 0.001, 0.999

CreateMeshBuilder
AddVertex,-0.6185,2.294,11.483
AddVertex,-0.482,2.294,11.483
AddVertex,-0.482,2.170,11.423
AddVertex,-0.6185,2.170,11.423
AddFace,0,1,2,3

LoadTexture,speedometer_back.png,speedometer_back_n.png
SetTextureCoordinates,0, 0.001, 0.001
SetTextureCoordinates,1, 0.999, 0.001
SetTextureCoordinates,2, 0.999, 0.999
SetTextureCoordinates,3, 0.001, 0.999
SetDecalTransparentColor,255,0,255
SetEmissiveColor,255,255,255

CreateMeshBuilder
AddVertex,-0.567,2.247,11.459
AddVertex,-0.534,2.247,11.459
AddVertex,-0.534,2.217,11.444
AddVertex,-0.567,2.217,11.444
AddFace,0,1,2,3

LoadTexture,speedo_cover.png
SetTextureCoordinates,0, 0.001, 0.001
SetTextureCoordinates,1, 0.999, 0.001
SetTextureCoordinates,2, 0.999, 0.999
SetTextureCoordinates,3, 0.001, 0.999
SetDecalTransparentColor,0,0,255
SetEmissiveColor,60,60,60

CreateMeshBuilder
AddVertex,-0.792,2.310,11.484
AddVertex,-0.690,2.310,11.489
AddVertex,-0.690,2.217,11.444
AddVertex,-0.792,2.217,11.438
AddFace,0,1,2,3

LoadTexture,brake_back.png,brake_back_n.png
SetTextureCoordinates,0, 0.001, 0.001
SetTextureCoordinates,1, 0.999, 0.001
SetTextureCoordinates,2, 0.999, 0.999
SetTextureCoordinates,3, 0.001, 0.999
SetDecalTransparentColor,255,0,255
SetEmissiveColor,255,255,255

CreateMeshBuilder
AddVertex,-0.944,2.211,11.434
AddVertex,-0.880,2.211,11.435
AddVertex,-0.880,2.147,11.406
AddVertex,-0.944,2.147,11.405
AddFace,0,1,2,3

LoadTexture,linebatt_back.png
SetTextureCoordinates,0, 0.001, 0.001
SetTextureCoordinates,1, 0.999, 0.001
SetTextureCoordinates,2, 0.999, 0.999
SetTextureCoordinates,3, 0.001, 0.999
SetDecalTransparentColor,0,0,255
SetEmissiveColor,60,60,60

CreateMeshBuilder
AddVertex,-0.875,2.179,11.421
AddVertex,-0.811,2.179,11.422
AddVertex,-0.811,2.147,11.408
AddVertex,-0.875,2.147,11.407
AddFace,0,1,2,3

LoadTexture,cb_back.png
SetTextureCoordinates,0, 0.001, 0.001
SetTextureCoordinates,1, 0.999, 0.001
SetTextureCoordinates,2, 0.999, 0.999
SetTextureCoordinates,3, 0.001, 0.999
SetDecalTransparentColor,0,0,255
SetEmissiveColor,60,60,60

CreateMeshBuilder
AddVertex,-0.949,2.308,11.478
AddVertex,-0.799,2.308,11.485
AddVertex,-0.799,2.291,11.477
AddVertex,-0.949,2.291,11.469
AddFace,0,1,2,3

LoadTexture,proofhead_back.png
SetTextureCoordinates,0, 0, 0
SetTextureCoordinates,1, 1, 0
SetTextureCoordinates,2, 1, 1
SetTextureCoordinates,3, 0, 1
SetEmissiveColor,60,60,60





CreateMeshBuilder
Cylinder,9,0.020,0.015,0.012
Rotate,1,0,0,90
Rotate,0,0,1,220
Translate,-0.005,2.427,11.438

LoadTexture,class323_handle_1.png
SetTextureCoordinates,0, 0.0, 0
SetTextureCoordinates,1, 0.0, 2
SetTextureCoordinates,2, 0.3, 0
SetTextureCoordinates,3, 0.3, 2
SetTextureCoordinates,4, 0.6, 0
SetTextureCoordinates,5, 0.6, 2
SetTextureCoordinates,6, 0.9, 0
SetTextureCoordinates,7, 0.9, 2
SetTextureCoordinates,8, 1.0, 0
SetTextureCoordinates,9, 1.0, 2
SetTextureCoordinates,10, 0.8, 0
SetTextureCoordinates,11, 0.8, 2
SetTextureCoordinates,12, 0.6, 0
SetTextureCoordinates,13, 0.6, 2
SetTextureCoordinates,14, 0.4, 0
SetTextureCoordinates,15, 0.4, 2
SetTextureCoordinates,16, 0.2, 0
SetTextureCoordinates,17, 0.2, 2
SetColor,150,150,150
SetEmissiveColor,60,60,60

CreateMeshBuilder
Cylinder,7,0.013,0.011,0.03
Rotate,1,0,0,90
Rotate,0,0,1,240
Translate,-0.005,2.427,11.42

LoadTexture,class323_handle_1.png
SetTextureCoordinates,0, 0.0, 0
SetTextureCoordinates,1, 0.0, 2
SetTextureCoordinates,2, 0.3, 0
SetTextureCoordinates,3, 0.3, 2
SetTextureCoordinates,4, 0.6, 0
SetTextureCoordinates,5, 0.6, 2
SetTextureCoordinates,6, 0.9, 0
SetTextureCoordinates,7, 0.9, 2
SetTextureCoordinates,8, 1.0, 0
SetTextureCoordinates,9, 1.0, 2
SetTextureCoordinates,10, 0.0, 0
SetTextureCoordinates,11, 0.0, 2
SetTextureCoordinates,12, 0.6, 0
SetTextureCoordinates,13, 0.6, 2
SetEmissiveColor,60,60,60

CreateMeshBuilder
AddVertex,-0.024,0.024,0
AddVertex,0.024,0.024,0
AddVertex,0.024,-0.024,0
AddVertex,-0.024,-0.024,0
AddFace,0,1,2,3
Translate,-0.005,2.427,11.403

LoadTexture,class323_Red_Button_1.png
SetTextureCoordinates,0, 0.001, 0.001
SetTextureCoordinates,1, 0.999, 0.001
SetTextureCoordinates,2, 0.999, 0.999
SetTextureCoordinates,3, 0.001, 0.999
SetDecalTransparentColor,0,0,255
SetColor,160,160,160
SetEmissiveColor,60,60,60



CreateMeshBuilder
Cylinder,9,0.020,0.015,0.012
Rotate,0,0,1,90
Rotate,1,0,0,90
Translate,-1.080,2.405,11.215

LoadTexture,class323_handle_1.png
SetTextureCoordinates,0, 0.0, 0
SetTextureCoordinates,1, 0.0, 2
SetTextureCoordinates,2, 0.3, 0
SetTextureCoordinates,3, 0.3, 2
SetTextureCoordinates,4, 0.6, 0
SetTextureCoordinates,5, 0.6, 2
SetTextureCoordinates,6, 0.9, 0
SetTextureCoordinates,7, 0.9, 2
SetTextureCoordinates,8, 1.0, 0
SetTextureCoordinates,9, 1.0, 2
SetTextureCoordinates,10, 0.8, 0
SetTextureCoordinates,11, 0.8, 2
SetTextureCoordinates,12, 0.6, 0
SetTextureCoordinates,13, 0.6, 2
SetTextureCoordinates,14, 0.4, 0
SetTextureCoordinates,15, 0.4, 2
SetTextureCoordinates,16, 0.2, 0
SetTextureCoordinates,17, 0.2, 2
SetColor,150,150,150
SetEmissiveColor,60,60,60

CreateMeshBuilder
Cylinder,7,0.013,0.011,0.03
Rotate,0,0,1,90
Rotate,1,0,0,220
Translate,-1.069,2.405,11.215

LoadTexture,class323_handle_1.png
SetTextureCoordinates,0, 0.0, 0
SetTextureCoordinates,1, 0.0, 2
SetTextureCoordinates,2, 0.3, 0
SetTextureCoordinates,3, 0.3, 2
SetTextureCoordinates,4, 0.6, 0
SetTextureCoordinates,5, 0.6, 2
SetTextureCoordinates,6, 0.9, 0
SetTextureCoordinates,7, 0.9, 2
SetTextureCoordinates,8, 1.0, 0
SetTextureCoordinates,9, 1.0, 2
SetTextureCoordinates,10, 0.0, 0
SetTextureCoordinates,11, 0.0, 2
SetTextureCoordinates,12, 0.6, 0
SetTextureCoordinates,13, 0.6, 2
SetEmissiveColor,60,60,60

CreateMeshBuilder
AddVertex,-0.024,0.024,0
AddVertex,0.024,0.024,0
AddVertex,0.024,-0.024,0
AddVertex,-0.024,-0.024,0
AddFace,0,1,2,3
Rotate,0,1,0,-90
Translate,-1.053,2.405,11.215

LoadTexture,class323_Red_Button_1.png
SetTextureCoordinates,0, 0.001, 0.001
SetTextureCoordinates,1, 0.999, 0.001
SetTextureCoordinates,2, 0.999, 0.999
SetTextureCoordinates,3, 0.001, 0.999
SetDecalTransparentColor,0,0,255
SetColor,160,160,160
SetEmissiveColor,60,60,60